{
  "name": "LALIC (MS-SSIM optimized)",
  "description": "LALIC, coding: ans, cuda: True, quality: ['1', '2', '3', '4', '5', '6']",
  "results": {
    "bpp": [
      0.10675,
      0.157003,
      0.227414,
      0.310076,
      0.435757,
      0.608653
    ],
    "psnr": [
      25.954737,
      26.888151,
      27.916273,
      29.1034,
      30.269326,
      31.41912
    ],
    "ms-ssim": [
      0.957824,
      0.971087,
      0.980866,
      0.987145,
      0.99137,
      0.994298
    ],
    "ms-ssim-db": [
      13.398658,
      14.947942,
      16.612762,
      18.235763,
      19.867883,
      21.573386
    ]
  }
}