{
  "name": "VTM",
  "description": "VTM-9.1, our benchmark, quality: ['22', '27', '32', '37', '42', '47']",
  "results": {
    "bpp": [
      1.4284879896375868,
      0.8729137844509548,
      0.4896816677517361,
      0.2453240288628472,
      0.11202663845486116,
      0.0478880140516493
    ],
    "psnr": [
      40.53574280137245,
      37.50365562084896,
      34.32750449018733,
      31.25109031873256,
      28.525673261352324,
      26.15917111179019
    ],
    "ms-ssim": [
      0.9939900636672974,
      0.9889863928159078,
      0.9784187898039818,
      0.9566925664742788,
      0.9181107555826505,
      0.8610576639572779
    ],
    "ms-ssim-db": [
      22.495537412572464,
      19.77725820748246,
      16.84042384075163,
      13.820738081791275,
      11.06006200029089,
      8.763128832932596
    ]
  }
}
